"","WORDS","X2015","X2014","X2013","X2012","X2011","X2010","X2009","X2008","X2007","X2006","X2005"
"1","new",2005,2281,1791,1989,1626,1958,1660,1489,900,916,838
"2","2015",1845,925,942,798,769,721,1410,832,854,825,520
"3","business",1656,1657,1556,1833,1739,1742,1356,1411,1025,1176,686
"4","sharingeconomy",1551,1651,1409,914,395,428,163,168,140,251,131
"5","can",1463,1520,1269,1981,1066,1217,1052,967,624,878,670
"6","uber",1438,872,223,NA,NA,NA,NA,NA,NA,NA,NA
"7","people",1406,1386,1297,1486,958,971,958,633,427,597,467
"8","sharing",1385,1637,1160,1245,880,953,511,283,189,398,170
"9","will",1279,1285,1183,1473,1052,1189,902,888,526,652,691
"10","companies",1227,1142,766,695,424,373,325,344,217,264,176
"11","like",1111,1047,822,899,770,731,565,454,363,406,324
"12","economy",1086,834,630,849,689,658,500,451,318,553,272
"13","services",1033,1360,745,706,470,450,409,413,322,376,257
"14","news",971,895,545,544,499,435,540,651,379,397,321
"15","social",969,1562,1231,1248,1254,1452,1626,1011,1054,1075,530
"16","one",937,865,692,1061,665,782,724,637,549,648,537
"17","collaborativeconomy",881,962,781,287,164,148,128,NA,89,NA,NA
"18","c2a0",844,717,700,1029,1566,733,617,822,368,479,604
"19","share",806,951,831,894,738,595,444,445,260,275,255
"20","get",795,816,658,714,615,558,553,530,293,270,220
"21","ondemand",760,456,NA,NA,NA,NA,NA,NA,NA,NA,NA
"22","service",756,761,496,511,428,407,388,323,305,280,217
"23","airbnb",745,728,594,523,183,NA,NA,115,NA,NA,NA
"24","collaborativeconsumption",734,637,803,1060,706,846,122,118,98,NA,NA
"25","may",726,653,598,585,558,657,920,1093,805,645,344
"26","e28093",722,694,805,1136,928,763,842,745,747,894,313
"27","email",721,615,600,546,587,655,495,476,431,318,243
"28","work",720,596,434,586,518,516,524,424,360,385,368
"29","also",717,705,596,831,521,525,461,472,315,382,365
"30","media",694,910,770,617,735,796,1033,682,637,565,333
"31","technology",683,588,551,536,380,644,943,411,467,396,459
"32","company",668,587,408,611,373,289,298,423,252,258,215
"33","time",656,628,565,703,495,585,615,488,363,377,372
"34","many",647,590,485,544,376,453,328,387,208,318,291
"35","now",638,648,633,658,466,625,464,434,294,315,279
"36","ite28099s",620,518,444,453,296,332,329,186,124,115,NA
"37","use",615,647,539,684,456,480,525,504,320,347,292
"38","just",594,695,578,548,445,509,422,349,257,256,242
"39","make",586,546,479,603,391,447,380,380,237,273,291
"40","need",586,606,542,624,367,360,306,369,200,208,196
"41","world",578,516,564,719,587,693,741,710,379,456,336
"42","research",550,484,508,462,388,509,945,405,406,372,337
"43","home",546,640,435,470,404,369,427,470,308,299,538
"44","market",541,544,535,513,372,340,279,361,303,361,258
"45","workers",539,269,NA,130,229,NA,NA,NA,NA,NA,NA
"46","drivers",536,351,158,NA,NA,NA,NA,NA,NA,NA,117
"47","car",532,522,542,629,370,272,272,166,106,107,164
"48","online",530,476,478,503,552,562,456,464,387,273,280
"49","tech",519,303,241,244,165,147,NA,148,121,114,133
"50","policy",509,341,317,273,269,295,472,283,274,307,254
"51","next",506,487,674,312,313,367,275,167,163,143,128
"52","want",492,437,405,408,350,312,284,206,153,159,179
"53","data",480,497,450,584,278,395,570,345,403,238,235
"54","way",474,555,463,558,440,581,441,349,188,231,239
"55","marketing",471,669,591,393,501,450,580,497,400,408,140
"56","twitter",453,412,358,378,394,339,458,290,216,201,113
"57","economic",450,421,354,492,312,461,360,428,244,412,219
"58","2014",443,1157,548,348,401,439,1236,594,568,430,283
"59","platforms",436,300,235,274,118,NA,NA,NA,NA,NA,NA
"60","money",433,400,425,487,273,388,261,464,249,212,227
"61","comments",429,305,297,333,309,388,412,435,417,269,152
"62","global",428,358,314,452,435,487,441,431,317,461,154
"63","read",428,330,253,258,337,508,494,690,334,322,258
"64","report",428,434,283,252,177,289,266,304,224,356,90
"65","search",428,360,301,292,329,367,396,408,359,280,302
"66","blog",427,392,381,425,474,617,651,818,484,374,225
"67","contact",427,388,347,328,330,376,333,309,237,333,164
"68","see",426,423,352,475,384,387,329,270,193,220,179
"69","mobile",417,450,396,306,318,294,295,285,252,217,273
"70","businesses",416,447,319,324,290,260,139,184,NA,157,NA
"71","community",410,445,433,805,520,568,588,688,424,533,265
"72","facebook",407,517,400,444,459,331,376,240,191,183,168
"73","follow",403,308,282,303,263,307,301,212,191,131,99
"74","model",403,327,440,508,260,242,369,183,170,160,136
"75","jobs",396,229,219,206,176,178,307,227,120,114,114
"76","local",395,298,362,456,235,280,394,456,149,235,150
"77","said",393,308,207,240,145,295,168,136,113,119,101
"78","startups",390,382,360,226,153,NA,NA,NA,140,NA,NA
"79","access",387,391,322,371,234,205,248,224,152,139,266
"80","first",387,386,367,551,408,411,393,372,284,267,252
"81","privacy",386,280,313,247,247,196,232,160,162,179,143
"82","customers",382,355,270,280,184,249,127,154,113,NA,NA
"83","even",379,378,334,418,258,264,240,198,144,203,198
"84","free",377,286,281,604,303,342,307,333,245,323,337
"85","digital",373,583,398,283,348,429,483,305,281,223,267
"86","information",373,316,328,452,264,469,796,447,626,327,419
"87","view",368,265,322,386,243,237,220,238,122,258,165
"88","future",367,461,318,392,410,381,396,276,205,213,150
"89","c2b7",361,NA,NA,NA,NA,NA,NA,NA,NA,89,NA
"90","events",361,296,309,351,282,248,202,249,227,283,135
"91","terms",349,263,279,224,206,157,183,142,111,157,135
"92","industry",347,403,290,293,192,345,322,268,219,281,192
"93","video",344,281,283,349,346,354,343,315,279,373,379
"94","big",342,369,321,366,301,255,242,249,180,157,94
"95","think",341,375,292,328,309,314,305,206,130,194,108
"96","find",340,349,369,373,241,289,246,232,178,227,155
"97","growth",339,312,259,254,213,245,219,244,128,127,94
"98","public",337,325,284,335,195,205,443,479,222,399,261
"99","change",336,362,322,393,315,425,601,367,287,182,221
"100","help",336,388,361,398,387,406,302,383,198,215,184
"101","platform",334,282,246,314,132,172,NA,152,81,173,84
"102","around",332,344,351,409,265,232,216,225,138,118,111
"103","sign",331,280,229,196,266,225,173,162,117,123,114
"104","small",330,240,272,393,340,267,325,325,154,264,154
"105","city",328,380,275,333,289,142,265,333,236,149,128
"106","much",328,378,306,399,266,260,250,258,157,184,155
"107","things",325,430,337,373,293,328,283,188,120,170,140
"108","using",325,298,245,363,252,225,585,227,165,124,145
"109","says",323,368,312,326,322,315,226,142,98,110,80
"110","take",323,297,245,338,214,228,236,176,128,140,148
"111","consumer",322,346,292,319,130,196,153,200,131,86,78
"112","consumers",319,369,299,254,158,170,NA,111,NA,NA,NA
"113","good",317,286,256,358,306,375,316,269,170,253,208
"114","well",316,332,254,352,223,314,243,263,152,219,153
"115","year",316,604,273,329,314,231,287,373,191,184,195
"116","customer",313,375,261,264,242,290,207,135,176,138,NA
"117","innovation",312,297,301,547,457,468,705,310,324,205,183
"118","content",311,484,277,353,325,295,392,286,305,311,216
"119","resources",310,346,266,417,251,314,279,254,168,297,163
"120","years",310,732,326,349,279,331,475,451,297,320,186
"121","e28094",309,293,248,358,205,261,138,231,185,93,132
"122","subscribe",308,243,242,170,181,201,211,172,151,118,101
"123","google",307,328,288,258,324,294,311,251,257,167,300
"124","best",306,278,277,305,251,320,293,279,287,214,129
"125","better",306,281,219,278,232,266,240,183,130,126,101
"126","december",306,307,298,258,427,402,523,548,562,431,220
"127","2013",304,455,1096,355,378,533,1089,576,525,402,115
"128","cities",302,366,235,213,120,120,136,194,86,NA,NA
"129","peertopeer",301,275,277,309,121,128,NA,NA,NA,NA,NA
"130","goods",300,415,300,343,186,161,NA,NA,NA,121,NA
"131","part",299,333,251,329,210,270,272,249,151,306,115
"132","reply",299,388,161,153,178,348,NA,NA,79,119,NA
"133","top",298,314,303,262,243,312,246,259,161,187,97
"134","app",297,285,191,149,130,130,NA,NA,78,NA,78
"135","post",296,263,288,242,304,381,363,378,189,314,97
"136","know",295,422,246,291,226,290,260,214,183,196,139
"137","value",293,335,296,504,232,266,233,240,207,174,90
"138","done28099t",288,200,216,225,157,167,209,103,98,81,NA
"139","article",287,174,181,204,159,295,272,204,111,172,155
"140","really",287,265,227,236,217,221,248,165,107,98,81
"141","travel",287,249,227,235,126,127,NA,210,NA,163,76
"142","august",286,229,261,199,289,468,500,475,540,380,323
"143","back",285,254,248,231,236,259,255,184,130,150,118
"144","right",285,275,171,243,208,228,196,200,105,140,118
"145","products",283,403,402,388,248,323,210,193,150,87,160
"146","comment",282,190,189,192,281,340,242,226,133,221,NA
"147","rights",282,256,150,167,184,179,166,187,159,218,144
"148","york",277,244,198,137,141,118,203,128,155,161,101
"149","network",275,254,240,370,233,291,278,273,233,341,253
"150","benefits",274,187,151,171,111,129,NA,118,NA,84,NA
"151","ago",273,1204,298,335,182,248,400,551,175,172,84
"152","employees",273,176,NA,NA,NA,NA,NA,NA,NA,NA,NA
"153","models",272,270,334,391,193,195,215,NA,100,85,NA
"154","traditional",272,213,222,196,NA,131,NA,NA,NA,84,NA
"155","trust",272,325,184,436,288,178,NA,157,NA,NA,NA
"156","financial",271,219,196,238,142,218,190,253,193,310,109
"157","collaborative",270,320,274,378,299,311,183,NA,102,109,NA
"158","please",270,181,171,213,139,275,135,160,86,139,92
"159","taxi",270,246,NA,NA,NA,NA,NA,NA,NA,NA,NA
"160","management",269,240,263,348,321,505,769,498,494,586,227
"161","web",269,282,363,241,324,334,619,483,594,549,228
"162","lyft",267,322,170,NA,NA,NA,NA,NA,NA,NA,NA
"163","real",267,268,177,210,155,175,287,259,163,178,182
"164","internet",266,364,285,319,316,280,260,329,305,252,369
"165","might",265,192,205,159,155,160,NA,NA,NA,108,NA
"166","two",261,270,193,361,231,208,285,247,186,181,152
"167","ondemandeconomy",259,140,NA,NA,NA,NA,NA,NA,NA,NA,NA
"168","become",258,250,225,292,183,215,168,130,93,99,121
"169","used",257,282,234,362,168,237,168,165,113,130,167
"170","san",256,317,298,208,178,NA,136,NA,85,110,NA
"171","cars",255,289,292,287,179,115,NA,NA,NA,NA,NA
"172","address",254,222,211,216,177,246,147,155,143,97,81
"173","october",254,260,268,201,326,440,569,658,615,450,202
"174","inc",252,148,113,NA,111,146,NA,NA,NA,83,88
"175","startup",252,220,228,248,173,NA,NA,NA,117,127,77
"176","still",252,239,191,215,147,158,187,147,117,136,103
"177","demand",250,313,186,242,107,111,NA,NA,NA,112,NA
"178","latest",249,213,233,190,184,178,152,168,141,113,80
"179","system",249,229,178,408,217,303,363,207,214,164,295
"180","health",248,186,153,153,157,171,237,203,130,190,176
"181","life",244,252,267,290,268,308,357,275,278,300,221
"182","markets",244,198,198,207,171,181,NA,140,125,180,79
"183","insurance",243,183,128,NA,133,NA,130,132,87,89,149
"184","space",242,304,289,292,289,172,242,143,92,83,NA
"185","systems",242,135,200,266,199,365,904,215,386,169,309
"186","government",241,161,107,187,137,166,201,253,148,260,158
"187","create",238,291,226,346,245,284,181,197,104,153,128
"188","great",238,278,198,316,293,392,282,260,175,161,134
"189","today",238,273,172,228,172,174,144,186,123,115,100
"190","apps",237,189,117,NA,NA,NA,NA,NA,NA,NA,NA
"191","site",237,265,246,327,265,227,227,323,233,238,191
"192","list",236,161,158,166,155,226,195,229,228,139,98
"193","day",235,223,226,229,236,236,231,274,199,145,126
"194","making",235,247,224,227,157,165,215,158,120,120,122
"195","million",234,212,228,306,218,125,126,209,136,96,85
"196","development",232,198,171,369,207,402,931,396,289,317,270
"197","example",232,222,189,400,136,161,140,144,NA,137,108
"198","pay",232,208,186,194,118,118,NA,132,NA,NA,112
"199","ways",231,236,212,248,203,212,171,156,89,114,98
"200","billion",230,209,154,123,137,NA,NA,145,88,NA,82
"201","going",230,275,159,216,144,155,221,142,NA,105,88
"202","independent",230,NA,NA,NA,NA,NA,NA,NA,NA,NA,NA
"203","food",229,249,247,325,206,166,402,319,122,165,147
"204","june",229,226,303,213,315,352,656,602,617,391,194
"205","november",229,259,314,210,394,575,582,628,626,412,197
"206","rent",229,225,351,231,112,NA,NA,NA,NA,NA,NA
"207","c2a9",228,239,219,167,169,157,151,139,133,158,96
"208","experience",228,361,314,221,210,226,260,221,167,249,134
"209","open",228,244,315,899,269,396,625,316,311,267,503
"210","cost",227,173,131,255,154,167,NA,119,89,122,109
"211","every",226,250,187,246,165,242,215,196,140,127,124
"212","group",226,248,267,276,203,241,305,316,231,261,225
"213","july",225,258,254,197,301,330,656,568,559,431,157
"214","provide",225,195,176,173,115,161,137,143,NA,117,94
"215","security",225,119,120,NA,119,113,225,115,117,135,151
"216","without",224,199,194,277,161,188,148,147,99,149,111
"217","different",223,208,154,340,181,211,201,118,86,100,136
"218","2012",222,311,439,757,414,470,1133,476,474,380,103
"219","users",219,230,233,444,168,204,134,NA,98,137,145
"220","labor",218,140,NA,NA,134,NA,NA,NA,NA,NA,NA
"221","number",217,188,136,268,163,180,134,124,116,125,117
"222","event",214,126,134,149,117,135,NA,144,152,94,NA
"223","university",213,134,137,161,148,165,622,160,176,234,218
"224","place",212,149,163,249,170,182,140,214,107,102,NA
"225","popular",210,166,137,161,158,145,NA,104,86,107,78
"226","power",210,175,198,268,216,298,270,232,157,193,167
"227","related",210,171,137,227,154,117,128,119,NA,94,97
"228","2010",208,219,260,225,364,1187,1291,553,591,410,114
"229","job",208,208,153,135,125,218,172,158,119,153,124
"230","working",207,178,165,256,207,183,202,151,127,128,100
"231","finance",206,148,190,150,134,162,164,151,110,181,104
"232","idea",206,177,171,281,197,215,146,140,NA,NA,NA
"233","look",206,215,170,176,143,159,159,138,81,127,82
"234","website",206,208,173,243,227,250,230,246,123,120,132
"235","last",205,230,191,226,199,174,206,226,158,134,90
"236","give",204,136,113,170,120,145,NA,114,NA,103,78
"237","stories",204,116,148,164,139,124,NA,120,101,NA,NA
"238","based",203,239,226,365,182,222,232,146,99,173,127
"239","costs",203,133,112,215,114,110,NA,NA,NA,111,84
"240","recent",203,215,181,188,177,213,178,210,168,141,162
"241","week",203,160,137,165,150,177,150,183,131,NA,75
"242","already",202,234,202,252,174,166,128,113,80,82,80
"243","thate28099s",202,118,113,125,NA,NA,NA,NA,NA,NA,NA
"244","international",200,NA,146,194,180,269,1599,270,197,211,153
"245","less",200,234,218,239,178,154,138,140,78,124,79
"246","linkedin",200,207,167,162,211,133,185,147,135,97,75
"247","hours",199,134,130,165,160,183,194,187,115,NA,134
"248","tools",199,201,192,250,183,195,258,177,116,114,92
"249","important",197,195,143,314,147,179,175,140,97,104,138
"250","design",195,174,319,623,463,723,1271,585,329,304,330
"251","made",195,186,168,258,149,199,182,161,123,121,119
"252","culture",194,218,225,229,196,233,219,200,165,137,125
"253","energy",194,127,138,313,202,257,371,453,203,370,158
"254","shared",194,253,269,283,206,163,NA,NA,NA,NA,NA
"255","study",194,152,110,150,110,185,352,144,129,108,NA
"256","another",193,214,163,283,138,176,153,126,91,124,90
"257","income",193,142,109,NA,NA,NA,NA,NA,NA,NA,NA
"258","transportation",193,211,NA,NA,NA,153,NA,144,NA,NA,97
"259","personal",192,210,172,268,181,257,214,142,142,129,151
"260","say",192,206,111,156,121,151,134,112,103,87,97
"261","support",192,181,203,249,340,224,275,218,187,196,136
"262","via",192,251,217,171,207,221,162,133,112,98,NA
"263","marketplace",191,185,163,231,NA,NA,NA,106,NA,NA,NA
"264","rules",191,NA,NA,NA,NA,NA,NA,NA,NA,NA,100
"265","science",191,117,175,234,147,210,673,129,93,152,162
"266","capital",190,226,227,202,146,132,141,299,292,108,181
"267","however",190,131,113,218,NA,132,NA,NA,78,89,81
"268","issues",190,146,NA,132,153,129,215,154,85,162,109
"269","driver",189,166,NA,NA,NA,NA,NA,NA,NA,NA,134
"270","others",189,173,183,240,164,168,124,105,NA,84,83
"271","percent",189,NA,NA,175,127,NA,NA,133,NA,96,76
"272","september",189,220,320,221,316,415,650,634,577,401,204
"273","available",188,152,156,215,104,214,NA,192,94,142,130
"274","brand",188,245,172,127,140,169,166,133,NA,NA,NA
"275","key",188,153,203,218,178,155,201,161,110,102,83
"276","something",188,191,172,225,138,189,195,124,82,109,101
"277","daily",187,125,129,NA,112,128,NA,NA,82,NA,NA
"278","often",187,188,147,247,95,164,NA,NA,80,121,77
"279","whether",187,114,101,136,99,NA,NA,NA,NA,NA,NA
"280","account",186,139,134,178,174,193,167,106,92,99,84
"281","full",186,140,145,146,151,139,NA,141,108,116,122
"282","means",186,185,125,167,NA,128,126,NA,NA,NA,92
"283","politics",186,NA,138,NA,100,119,173,NA,89,110,82
"284","posts",186,141,160,161,197,222,189,220,140,130,NA
"285","product",185,223,229,406,186,427,331,217,163,166,173
"286","book",183,165,204,281,254,896,291,273,218,331,221
"287","issue",183,185,107,NA,130,NA,NA,131,NA,NA,71
"288","rather",183,222,173,202,NA,113,NA,NA,NA,NA,76
"289","live",182,192,185,212,199,181,184,164,122,92,91
"290","united",182,NA,197,152,119,191,182,177,105,141,102
"291","2011",181,233,293,340,914,553,1273,498,543,411,118
"292","impact",181,167,182,190,148,194,152,146,114,161,90
"293","learn",181,212,219,185,241,236,157,180,106,142,106
"294","rise",181,169,190,206,183,336,NA,NA,NA,NA,NA
"295","ideas",180,166,210,357,235,257,170,225,107,98,77
"296","sustainable",180,196,139,257,201,283,380,234,119,150,NA
"297","corporate",179,129,148,213,146,144,194,205,183,478,NA
"298","join",179,161,160,199,131,165,142,122,115,92,NA
"299","order",179,164,107,156,NA,174,NA,120,87,96,106
"300","page",179,NA,121,125,123,162,136,236,108,138,94
"301","consumption",178,118,143,169,124,152,NA,NA,78,131,NA
"302","growing",178,172,151,192,126,137,NA,114,NA,NA,NA
"303","past",178,144,121,141,100,NA,NA,NA,NA,132,NA
"304","case",177,151,190,268,183,187,390,194,196,104,140
"305","law",177,137,160,132,194,162,318,423,366,219,135
"306","exchange",176,151,150,198,120,160,NA,107,79,NA,NA
"307","offer",176,164,123,147,106,124,NA,NA,NA,NA,NA
"308","across",175,188,147,193,135,113,NA,106,86,105,NA
"309","start",175,169,156,183,149,168,170,138,89,107,NA
"310","connect",174,167,152,145,122,NA,NA,NA,NA,NA,NA
"311","name",174,183,139,201,148,288,135,112,105,118,71
"312","peer",174,NA,105,308,NA,NA,NA,NA,NA,NA,82
"313","trends",174,152,251,161,123,151,139,130,92,108,NA
"314","regulation",173,142,NA,NA,NA,NA,NA,NA,NA,NA,NA
"315","reserved",172,169,115,NA,97,NA,NA,NA,NA,88,NA
"316","strategy",172,266,222,348,180,245,373,233,254,242,85
"317","needs",171,166,127,205,120,201,141,145,76,142,102
"318","buy",170,181,203,177,150,213,146,112,NA,85,76
"319","since",170,163,138,198,115,145,135,135,104,124,114
"320","state",170,179,115,144,124,147,193,336,97,114,131
"321","brands",169,324,195,NA,NA,129,NA,NA,NA,NA,NA
"322","isne28099t",169,NA,NA,NA,NA,NA,NA,NA,NA,NA,NA
"323","rental",169,180,212,128,NA,NA,NA,NA,NA,NA,NA
"324","according",168,130,NA,137,112,NA,NA,NA,NA,NA,NA
"325","april",167,223,232,227,296,336,561,566,576,392,185
"326","current",167,134,NA,160,111,142,156,139,88,95,86
"327","story",166,NA,116,151,191,114,133,NA,107,NA,90
"328","care",165,135,NA,NA,NA,NA,154,NA,86,NA,132
"329","europe",165,NA,144,134,109,NA,132,NA,90,86,NA
"330","francisco",165,237,251,148,104,NA,NA,NA,NA,81,NA
"331","house",165,116,119,NA,123,NA,NA,229,77,NA,95
"332","instead",165,135,124,131,93,NA,NA,NA,NA,NA,NA
"333","lot",165,181,131,161,126,130,142,NA,NA,NA,NA
"334","makes",165,180,141,191,104,147,NA,107,74,119,84
"335","private",165,149,145,175,NA,121,131,134,125,136,102
"336","opportunities",164,203,138,140,114,120,128,105,NA,NA,76
"337","press",164,140,103,163,119,NA,355,154,75,89,93
"338","america",162,NA,105,153,119,148,155,110,101,103,75
"339","magazine",162,129,115,150,103,NA,140,NA,NA,NA,NA
"340","thing",162,125,102,NA,NA,NA,151,NA,NA,NA,NA
"341","communities",161,168,151,345,149,179,203,349,86,152,74
"342","education",160,147,165,182,165,320,542,289,169,231,159
"343","rss",160,123,130,NA,118,146,171,161,161,110,197
"344","delivery",159,185,NA,NA,NA,NA,NA,NA,NA,NA,NA
"345","software",159,159,173,420,125,247,601,143,276,162,410
"346","states",159,118,172,NA,118,146,125,162,88,136,113
"347","topics",159,NA,NA,NA,NA,NA,NA,NA,NA,NA,NA
"348","environment",158,121,101,176,137,192,255,174,103,111,109
"349","national",158,NA,NA,143,156,129,195,230,99,91,113
"350","price",158,146,104,NA,NA,NA,129,123,NA,115,NA
"351","found",157,129,122,NA,145,134,NA,105,95,NA,NA
"352","living",157,NA,154,191,137,114,172,166,89,91,NA
"353","members",157,136,164,188,116,136,145,191,83,176,88
"354","actually",156,136,113,134,NA,114,NA,NA,NA,NA,NA
"355","including",156,146,117,206,184,159,125,144,98,129,109
"356","old",156,NA,115,NA,115,127,NA,113,NA,NA,NA
"357","renting",156,152,196,133,NA,NA,NA,NA,NA,NA,NA
"358","climate",155,116,108,143,151,165,277,298,176,96,NA
"359","looking",155,143,158,162,128,113,NA,NA,NA,82,NA
"360","problem",155,NA,NA,164,NA,144,178,NA,90,88,85
"361","show",155,175,NA,135,115,129,186,184,87,144,90
"362","center",154,145,113,145,108,154,NA,212,110,106,114
"363","contractors",154,NA,NA,NA,NA,NA,NA,NA,NA,NA,NA
"364","assets",153,162,140,125,NA,NA,NA,NA,NA,NA,NA
"365","copyright",153,NA,118,NA,141,NA,167,154,164,155,112
"366","individuals",153,165,115,166,NA,NA,NA,NA,NA,NA,NA
"367","set",153,122,126,171,109,125,164,121,80,116,102
"368","three",153,150,183,209,128,159,139,132,124,NA,75
"369","within",152,168,115,187,99,176,160,138,106,125,103
"370","building",151,160,156,240,143,178,219,224,102,130,92
"371","journal",151,NA,NA,NA,NA,NA,1170,NA,NA,82,123
"372","call",150,139,101,NA,NA,140,NA,121,105,NA,NA
"373","ceo",150,134,NA,163,101,113,NA,126,139,95,NA
"374","keep",150,120,114,137,112,115,NA,123,89,90,NA
"375","march",150,221,238,211,281,357,535,628,578,497,207
"376","society",150,198,149,242,162,179,514,183,100,186,122
"377","build",149,195,194,211,180,184,175,133,93,NA,NA
"378","e2809cthe",149,139,NA,172,93,111,NA,NA,NA,NA,NA
"379","times",149,185,120,137,131,165,154,155,86,85,155
"380","hotel",148,187,132,NA,NA,NA,NA,NA,NA,87,NA
"381","newsletters",148,NA,NA,NA,NA,NA,NA,NA,NA,NA,NA
"382","yet",148,145,NA,141,143,138,NA,NA,NA,90,NA
"383","buying",147,218,115,NA,NA,NA,NA,NA,NA,NA,NA
"384","must",147,164,154,160,130,173,149,108,100,234,135
"385","come",146,154,217,169,201,148,129,123,99,110,71
"386","end",146,154,132,167,134,115,NA,130,110,129,92
"387","january",146,201,238,185,270,320,520,575,540,410,150
"388","little",146,145,NA,152,92,125,NA,103,83,103,77
"389","ride",146,119,NA,NA,NA,NA,NA,NA,NA,NA,NA
"390","school",146,NA,124,127,161,122,146,313,174,230,131
"391","tweet",146,NA,139,188,209,191,230,122,77,NA,NA
"392","industries",145,120,NA,NA,NA,NA,NA,NA,NA,NA,NA
"393","course",144,NA,107,NA,95,163,NA,NA,NA,88,NA
"394","february",144,189,246,184,239,334,492,605,544,389,166
"395","investors",144,NA,NA,NA,NA,NA,NA,NA,NA,NA,NA
"396","videos",144,NA,128,143,136,123,126,NA,78,96,NA
"397","categories",143,NA,NA,NA,91,NA,NA,104,NA,NA,82
"398","high",143,147,121,143,113,128,149,145,88,113,75
"399","point",143,151,116,139,97,155,140,127,96,93,76
"400","shows",143,NA,NA,NA,104,NA,NA,NA,NA,NA,NA
"401","technologies",142,187,NA,149,NA,162,187,124,105,NA,145
"402","articles",141,132,137,NA,NA,139,152,191,161,119,149
"403","called",141,NA,101,160,100,NA,NA,NA,NA,95,75
"404","changing",141,156,NA,136,129,132,123,NA,NA,NA,NA
"405","collaboration",141,210,115,186,166,346,231,NA,108,NA,NA
"406","form",141,116,NA,189,97,140,NA,NA,81,101,94
"407","getting",141,145,110,141,107,NA,NA,NA,NA,NA,NA
"408","legal",141,117,114,NA,NA,NA,169,254,212,130,94
"409","questions",141,120,NA,NA,NA,NA,NA,106,NA,NA,NA
"410","street",141,NA,NA,NA,126,NA,NA,143,NA,NA,NA
"411","team",141,190,245,237,157,180,202,141,137,87,86
"412","trump",141,NA,119,NA,NA,NA,NA,NA,NA,NA,NA
"413","youe28099re",141,NA,NA,NA,NA,NA,NA,NA,NA,NA,NA
"414","e280a2",140,170,113,630,161,NA,NA,NA,NA,170,NA
"415","established",140,NA,NA,NA,NA,NA,NA,NA,NA,NA,NA
"416","c2bb",139,NA,108,NA,120,196,163,195,185,195,166
"417","enter",139,NA,NA,NA,NA,112,NA,NA,NA,NA,NA
"418","ownership",139,208,207,218,123,155,148,NA,NA,NA,102
"419","human",138,130,107,155,100,180,203,211,139,151,135
"420","long",138,164,111,182,NA,145,179,151,100,138,89
"421","employment",137,NA,NA,NA,NA,NA,NA,NA,NA,112,NA
"422","everything",137,114,105,NA,NA,NA,NA,NA,NA,NA,NA
"423","months",137,419,NA,NA,95,NA,NA,133,NA,NA,NA
"424","office",137,NA,NA,NA,128,NA,143,155,NA,106,119
"425","providers",137,134,NA,NA,NA,NA,NA,NA,NA,NA,NA
"426","success",137,151,134,191,135,194,129,NA,78,NA,72
"427","user",137,135,142,213,100,196,192,143,146,164,135
"428","potential",136,209,143,204,NA,NA,NA,NA,NA,NA,NA
"429","creating",135,135,115,160,92,141,NA,NA,NA,88,NA
"430","crowd",135,203,242,159,NA,NA,NA,NA,NA,NA,NA
"431","2008",134,162,157,134,166,256,1122,1040,605,370,143
"432","newsletter",134,NA,149,NA,110,NA,NA,111,139,NA,92
"433","opens",134,NA,NA,NA,113,NA,NA,NA,NA,NA,NA
"434","stay",134,151,160,NA,NA,NA,NA,NA,NA,NA,NA
"435","benefit",133,116,NA,121,NA,NA,NA,NA,NA,NA,NA
"436","far",133,140,NA,129,NA,NA,NA,NA,NA,NA,NA
"437","log",133,230,116,NA,102,139,NA,NA,NA,108,NA
"438","possible",133,113,NA,170,92,NA,NA,NA,NA,NA,74
"439","credit",132,NA,NA,161,99,114,NA,NA,161,92,NA
"440","large",131,143,110,178,NA,NA,NA,NA,NA,104,94
"441","never",131,158,112,128,129,142,NA,NA,NA,NA,NA
"442","put",131,NA,NA,NA,NA,NA,NA,NA,NA,NA,NA
"443","term",131,NA,NA,NA,NA,NA,NA,NA,NA,NA,NA
"444","trend",131,150,186,153,118,NA,NA,NA,NA,NA,NA
"445","funding",130,143,175,197,NA,NA,NA,140,74,100,NA
"446","leave",130,NA,NA,NA,99,112,NA,NA,97,NA,NA
"447","survey",130,NA,NA,NA,NA,NA,NA,NA,NA,NA,NA
"448","2009",129,167,193,141,249,359,1804,578,584,359,138
"449","solutions",129,NA,117,123,NA,217,163,160,76,85,NA
"450","theree28099s",129,NA,NA,NA,NA,NA,NA,NA,NA,NA,NA
"451","advertise",128,NA,NA,NA,NA,NA,NA,NA,NA,NA,NA
"452","among",127,137,122,120,NA,NA,NA,NA,NA,NA,82
"453","delivered",127,NA,NA,NA,96,NA,NA,NA,NA,NA,NA
"454","download",127,NA,NA,NA,NA,134,NA,NA,NA,NA,82
"455","main",127,NA,NA,149,98,NA,NA,114,81,83,75
"456","marketplaces",127,142,NA,188,NA,NA,NA,NA,NA,NA,NA
"457","books",126,119,195,189,167,446,229,197,140,167,135
"458","economics",126,141,NA,125,105,183,NA,166,143,171,204
"459","movement",126,248,184,220,144,NA,NA,NA,76,NA,72
"460","tax",126,NA,NA,NA,NA,NA,129,174,NA,115,152
"461","green",125,NA,109,178,274,220,240,1075,313,204,82
"462","likely",125,161,NA,NA,NA,NA,NA,NA,NA,NA,NA
"463","partners",125,176,160,145,129,NA,NA,170,137,NA,118
"464","regulations",125,149,NA,NA,NA,NA,NA,NA,NA,NA,NA
"465","days",124,119,132,134,111,NA,126,148,88,84,80
"466","dec",124,NA,100,NA,119,NA,NA,305,78,94,NA
"467","check",123,NA,114,145,120,178,NA,131,98,NA,NA
"468","common",123,113,NA,214,NA,NA,NA,NA,NA,97,90
"469","continue",123,NA,100,NA,112,NA,NA,NA,93,96,NA
"470","founder",123,NA,NA,190,135,NA,NA,NA,101,NA,NA
"471","general",123,NA,NA,138,NA,NA,NA,122,86,120,101
"472","published",123,NA,115,NA,97,174,NA,102,NA,227,110
"473","scale",123,114,NA,170,NA,NA,NA,NA,NA,NA,NA
"474","supply",123,148,103,NA,NA,NA,NA,116,105,NA,NA
"475","entrepreneurs",122,127,150,204,123,NA,NA,NA,NA,NA,NA
"476","practices",122,NA,NA,132,NA,NA,NA,NA,NA,NA,NA
"477","question",122,113,NA,NA,NA,NA,124,NA,NA,NA,NA
"478","reports",122,NA,NA,NA,NA,NA,NA,120,NA,88,NA
"479","source",122,NA,159,400,107,116,NA,137,99,120,288
"480","opportunity",121,145,123,125,113,NA,NA,NA,NA,NA,NA
"481","room",121,115,116,NA,NA,NA,NA,NA,NA,NA,NA
"482","save",121,118,131,148,109,133,NA,135,NA,NA,NA
"483","someone",121,127,125,145,NA,136,NA,NA,NA,NA,NA
"484","trade",121,NA,NA,NA,NA,129,150,116,127,202,NA
"485","conference",120,136,130,NA,124,NA,1431,147,149,95,76
"486","powered",120,NA,NA,NA,91,NA,NA,NA,NA,NA,NA
"487","recently",120,125,NA,NA,NA,NA,NA,107,NA,NA,NA
"488","return",120,NA,NA,NA,NA,NA,NA,NA,NA,NA,NA
"489","review",120,NA,127,141,108,243,293,191,152,140,135
"490","sales",120,187,114,165,101,153,127,147,145,83,99
"491","sustainability",120,126,114,NA,157,180,240,281,150,114,NA
"492","american",119,NA,NA,NA,NA,141,207,129,129,143,124
"493","creative",119,122,136,256,184,163,159,228,148,163,88
"494","drive",119,118,105,NA,NA,NA,NA,NA,NA,NA,NA
"495","enough",119,NA,NA,NA,NA,NA,NA,NA,NA,87,NA
"496","sure",119,NA,NA,NA,NA,NA,NA,NA,NA,NA,NA
"497","together",119,140,165,197,158,189,141,110,NA,81,NA
"498","cab",118,NA,NA,NA,NA,NA,NA,NA,NA,NA,NA
"499","careers",118,NA,NA,NA,NA,NA,NA,NA,NA,NA,NA
"500","control",118,NA,NA,NA,NA,NA,174,NA,104,104,111
"501","brian",NA,201,NA,NA,NA,NA,NA,NA,NA,NA,NA
"502","register",NA,199,NA,NA,NA,NA,NA,NA,NA,NA,NA
"503","webinar",NA,195,NA,NA,NA,NA,NA,NA,NA,NA,NA
"504","e280a2e280af",NA,191,NA,NA,NA,NA,NA,NA,NA,NA,NA
"505","altimeter",NA,178,135,NA,NA,NA,NA,NA,73,NA,NA
"506","posted",NA,172,110,166,111,232,272,206,192,186,94
"507","critical",NA,168,NA,NA,NA,118,NA,NA,89,NA,NA
"508","solis",NA,168,NA,NA,NA,NA,NA,NA,NA,NA,NA
"509","taskrabbit",NA,167,141,NA,NA,NA,NA,NA,NA,NA,NA
"510","dont",NA,166,NA,NA,91,NA,NA,101,NA,95,74
"511","revenue",NA,162,109,134,NA,NA,NA,117,NA,NA,NA
"512","enterprise",NA,159,103,191,133,149,202,141,143,162,NA
"513","parking",NA,158,NA,NA,NA,NA,NA,NA,NA,NA,NA
"514","shift",NA,157,135,161,103,125,NA,NA,NA,NA,NA
"515","rebecca",NA,155,NA,NA,NA,NA,NA,NA,NA,NA,NA
"516","sites",NA,155,138,184,123,124,NA,NA,116,98,NA
"517","lieb",NA,154,NA,NA,NA,NA,NA,NA,NA,NA,NA
"518","ventures",NA,148,NA,NA,NA,NA,NA,NA,94,NA,169
"519","jeremiahowyang",NA,145,157,NA,NA,NA,NA,NA,NA,NA,NA
"520","started",NA,143,122,163,136,NA,NA,NA,NA,NA,NA
"521","able",NA,142,NA,138,118,NA,NA,NA,NA,NA,NA
"522","include",NA,142,104,NA,NA,NA,NA,NA,NA,NA,71
"523","project",NA,142,122,352,154,208,225,212,168,191,180
"524","networks",NA,137,170,184,152,243,237,148,140,118,157
"525","driving",NA,136,103,NA,NA,NA,NA,NA,NA,NA,NA
"526","emerging",NA,135,106,186,NA,127,NA,NA,NA,NA,NA
"527","vision",NA,135,NA,NA,NA,NA,NA,NA,NA,NA,73
"528","guest",NA,134,NA,NA,NA,NA,NA,NA,NA,NA,NA
"529","partner",NA,133,104,NA,NA,NA,NA,NA,85,NA,NA
"530","series",NA,133,NA,128,92,NA,203,NA,NA,84,NA
"531","advertising",NA,132,110,NA,130,123,228,156,116,107,110
"532","comes",NA,132,108,NA,NA,NA,NA,NA,NA,NA,NA
"533","insights",NA,132,NA,NA,NA,NA,NA,NA,NA,NA,NA
"534","pingback",NA,132,102,NA,NA,NA,NA,NA,NA,NA,NA
"535","process",NA,131,114,360,125,450,230,145,158,150,123
"536","quality",NA,128,102,123,NA,NA,130,107,99,NA,NA
"537","existing",NA,127,120,NA,NA,NA,NA,NA,NA,NA,NA
"538","experiences",NA,127,NA,NA,NA,NA,NA,NA,NA,NA,NA
"539","regulatory",NA,127,NA,NA,NA,NA,NA,NA,NA,NA,NA
"540","enable",NA,125,NA,NA,NA,NA,NA,NA,NA,NA,NA
"541","safety",NA,125,NA,NA,NA,147,NA,NA,NA,NA,80
"542","month",NA,124,129,NA,NA,NA,NA,116,94,NA,NA
"543","level",NA,123,NA,156,NA,NA,NA,NA,NA,NA,NA
"544","2007",NA,122,130,NA,111,190,924,487,979,369,141
"545","always",NA,122,126,NA,94,143,NA,101,NA,NA,NA
"546","focus",NA,122,128,154,NA,136,132,126,NA,84,NA
"547","venture",NA,122,135,NA,NA,NA,NA,118,224,NA,101
"548","challenges",NA,121,100,NA,NA,NA,143,NA,83,NA,NA
"549","estate",NA,121,NA,NA,NA,NA,NA,124,NA,85,90
"550","fact",NA,121,115,156,NA,NA,NA,NA,NA,NA,101
"551","taking",NA,121,NA,NA,NA,NA,NA,NA,NA,NA,NA
"552","grow",NA,120,NA,NA,NA,NA,NA,NA,NA,NA,NA
"553","skills",NA,120,153,154,101,131,NA,NA,NA,127,NA
"554","click",NA,119,NA,NA,NA,121,NA,102,NA,NA,NA
"555","early",NA,119,101,NA,NA,NA,126,NA,NA,NA,NA
"556","thats",NA,119,NA,NA,NA,NA,NA,NA,NA,NA,NA
"557","easy",NA,118,NA,NA,NA,NA,NA,166,NA,NA,83
"558","ever",NA,118,NA,NA,93,NA,NA,NA,NA,NA,NA
"559","shares",NA,118,NA,NA,NA,NA,NA,NA,NA,NA,NA
"560","sharers",NA,117,NA,NA,NA,NA,NA,NA,NA,NA,NA
"561","engage",NA,116,NA,NA,NA,NA,NA,NA,NA,NA,NA
"562","got",NA,116,NA,NA,105,NA,NA,NA,NA,NA,NA
"563","major",NA,116,134,NA,93,NA,NA,NA,NA,88,96
"564","offers",NA,116,122,128,NA,145,NA,NA,NA,NA,NA
"565","sell",NA,116,105,NA,NA,NA,NA,NA,NA,NA,NA
"566","wee28099re",NA,116,NA,NA,NA,NA,NA,NA,NA,NA,NA
"567","away",NA,115,NA,NA,NA,125,NA,NA,NA,NA,77
"568","property",NA,115,NA,181,NA,NA,157,171,90,125,200
"569","rooms",NA,115,NA,NA,NA,NA,NA,NA,NA,NA,NA
"570","ebay",NA,114,NA,NA,NA,NA,NA,NA,NA,NA,NA
"571","examples",NA,114,128,191,100,140,NA,NA,NA,NA,NA
"572","sense",NA,114,NA,139,NA,NA,NA,NA,NA,NA,NA
"573","per",NA,NA,299,167,162,150,NA,129,124,138,130
"574","che",NA,NA,207,NA,111,NA,NA,NA,NA,NA,NA
"575","bmw",NA,NA,174,NA,NA,NA,NA,NA,NA,209,NA
"576","european",NA,NA,170,NA,NA,NA,339,NA,79,NA,NA
"577","p2p",NA,NA,167,207,92,NA,NA,NA,NA,NA,119
"578","reviews",NA,NA,158,NA,NA,NA,NA,NA,NA,NA,82
"579","meetup",NA,NA,157,NA,NA,NA,NA,NA,NA,NA,NA
"580","corporations",NA,NA,156,NA,NA,NA,NA,NA,NA,328,NA
"581","music",NA,NA,145,NA,151,162,244,107,128,106,180
"582","c3a8",NA,NA,142,NA,NA,NA,NA,NA,NA,NA,NA
"583","zipcar",NA,NA,139,173,119,159,NA,NA,NA,NA,NA
"584","store",NA,NA,135,NA,96,140,NA,NA,NA,NA,73
"585","a280",NA,NA,132,NA,NA,NA,NA,NA,NA,NA,NA
"586","meet",NA,NA,128,NA,NA,NA,NA,NA,NA,NA,NA
"587","e280a6",NA,NA,127,179,186,128,190,206,266,113,NA
"588","smart",NA,NA,127,NA,157,NA,170,NA,98,NA,170
"589","van",NA,NA,127,124,134,222,227,NA,79,126,85
"590","economist",NA,NA,126,NA,NA,NA,NA,NA,NA,NA,NA
"591","london",NA,NA,126,NA,NA,NA,459,113,90,NA,72
"592","talk",NA,NA,122,142,134,133,NA,NA,NA,NA,76
"593","david",NA,NA,120,NA,NA,NA,590,159,82,NA,99
"594","owners",NA,NA,120,NA,NA,NA,NA,NA,NA,82,NA
"595","urban",NA,NA,119,NA,110,NA,NA,149,NA,NA,NA
"596","investment",NA,NA,117,134,NA,132,NA,216,147,147,82
"597","payment",NA,NA,117,NA,NA,NA,NA,NA,NA,NA,NA
"598","carsharing",NA,NA,115,148,NA,NA,NA,NA,NA,NA,NA
"599","del",NA,NA,115,NA,NA,NA,136,NA,NA,NA,NA
"600","east",NA,NA,115,NA,NA,NA,NA,NA,NA,NA,NA
"601","author",NA,NA,114,145,126,201,132,NA,99,81,78
"602","goes",NA,NA,113,NA,NA,NA,NA,NA,NA,NA,NA
"603","2016",NA,NA,111,NA,NA,NA,NA,NA,NA,NA,NA
"604","age",NA,NA,111,NA,103,118,NA,NA,NA,NA,NA
"605","middle",NA,NA,111,NA,NA,NA,NA,NA,NA,NA,NA
"606","provides",NA,NA,111,125,NA,129,NA,NA,NA,NA,NA
"607","thanks",NA,NA,111,NA,98,187,NA,NA,NA,NA,NA
"608","relayrides",NA,NA,110,NA,NA,NA,NA,NA,NA,NA,NA
"609","lending",NA,NA,109,155,NA,154,NA,NA,NA,NA,NA
"610","required",NA,NA,109,123,NA,142,NA,NA,NA,NA,NA
"611","allow",NA,NA,108,NA,NA,NA,NA,NA,NA,NA,NA
"612","projects",NA,NA,108,295,110,124,159,151,97,123,122
"613","stuff",NA,NA,107,NA,115,141,NA,NA,NA,NA,NA
"614","art",NA,NA,106,NA,94,116,NA,269,116,160,99
"615","items",NA,NA,104,140,97,NA,NA,NA,NA,NA,NA
"616","retail",NA,NA,104,NA,94,NA,NA,NA,83,97,NA
"617","friends",NA,NA,102,146,115,121,NA,NA,NA,NA,NA
"618","member",NA,NA,102,NA,145,191,145,139,102,204,95
"619","add",NA,NA,101,NA,93,201,149,NA,156,169,NA
"620","prices",NA,NA,101,NA,NA,NA,NA,NA,NA,86,NA
"621","chain",NA,NA,100,NA,NA,NA,NA,NA,95,NA,NA
"622","production",NA,NA,NA,466,113,132,NA,159,112,237,90
"623","commons",NA,NA,NA,325,93,NA,124,NA,NA,119,158
"624","knowledge",NA,NA,NA,310,93,157,314,NA,189,109,116
"625","crowdsourcing",NA,NA,NA,253,NA,NA,NA,NA,NA,NA,NA
"626","e296bac2a0",NA,NA,NA,237,280,384,843,3223,486,217,105
"627","crowdfunding",NA,NA,NA,220,NA,NA,NA,182,NA,NA,NA
"628","hardware",NA,NA,NA,182,NA,NA,NA,NA,NA,NA,102
"629","manufacturing",NA,NA,NA,181,NA,126,149,NA,NA,NA,NA
"630","ted",NA,NA,NA,168,100,147,NA,NA,NA,NA,129
"631","distributed",NA,NA,NA,160,NA,NA,NA,NA,NA,NA,NA
"632","similar",NA,NA,NA,158,NA,NA,NA,NA,NA,NA,NA
"633","created",NA,NA,NA,157,NA,NA,NA,NA,NA,NA,NA
"634","following",NA,NA,NA,152,NA,NA,NA,NA,NA,NA,NA
"635","jason",NA,NA,NA,152,NA,NA,NA,NA,NA,NA,NA
"636","launch",NA,NA,NA,151,NA,NA,NA,NA,NA,NA,NA
"637","longer",NA,NA,NA,151,NA,NA,NA,NA,NA,NA,NA
"638","works",NA,NA,NA,151,NA,NA,NA,NA,NA,NA,83
"639","concept",NA,NA,NA,149,107,136,NA,NA,NA,NA,NA
"640","interesting",NA,NA,NA,147,110,109,NA,NA,NA,NA,NA
"641","second",NA,NA,NA,145,96,NA,147,NA,82,86,79
"642","individual",NA,NA,NA,144,NA,NA,NA,NA,NA,91,NA
"643","beyond",NA,NA,NA,142,NA,NA,NA,NA,NA,NA,NA
"644","code",NA,NA,NA,142,114,NA,NA,NA,NA,NA,71
"645","organization",NA,NA,NA,142,NA,NA,124,NA,NA,93,NA
"646","reputation",NA,NA,NA,142,NA,NA,NA,NA,NA,NA,NA
"647","role",NA,NA,NA,142,NA,NA,184,111,81,NA,NA
"648","crisis",NA,NA,NA,141,NA,109,NA,NA,78,NA,NA
"649","sector",NA,NA,NA,141,NA,NA,NA,105,NA,NA,NA
"650","allows",NA,NA,NA,140,NA,NA,NA,NA,NA,NA,NA
"651","details",NA,NA,NA,139,165,NA,NA,NA,83,NA,88
"652","try",NA,NA,NA,139,113,151,NA,NA,88,NA,90
"653","foundation",NA,NA,NA,138,101,NA,NA,NA,NA,NA,NA
"654","currently",NA,NA,NA,136,NA,NA,NA,NA,NA,NA,NA
"655","cocreation",NA,NA,NA,135,NA,NA,NA,NA,NA,NA,NA
"656","spaces",NA,NA,NA,134,NA,NA,NA,118,NA,NA,NA
"657","countries",NA,NA,NA,133,NA,NA,128,128,NA,186,NA
"658","itunes",NA,NA,NA,133,NA,NA,NA,NA,NA,NA,NA
"659","john",NA,NA,NA,133,NA,NA,482,205,118,98,89
"660","watch",NA,NA,NA,133,115,NA,NA,NA,NA,NA,133
"661","person",NA,NA,NA,132,NA,NA,NA,NA,NA,NA,NA
"662","physical",NA,NA,NA,132,NA,NA,131,NA,NA,NA,NA
"663","done",NA,NA,NA,131,NA,NA,NA,NA,NA,NA,NA
"664","environmental",NA,NA,NA,131,111,178,249,204,101,120,NA
"665","organizations",NA,NA,NA,130,116,NA,NA,NA,NA,NA,NA
"666","approach",NA,NA,NA,129,NA,NA,241,NA,NA,NA,83
"667","firm",NA,NA,NA,129,NA,NA,NA,104,117,84,NA
"668","successful",NA,NA,NA,129,NA,NA,NA,NA,NA,NA,NA
"669","type",NA,NA,NA,129,NA,NA,NA,NA,NA,NA,NA
"670","coworking",NA,NA,NA,128,114,NA,NA,NA,NA,NA,NA
"671","love",NA,NA,NA,128,95,145,123,105,87,96,71
"672","specific",NA,NA,NA,127,NA,NA,NA,NA,NA,NA,NA
"673","planning",NA,NA,NA,126,95,NA,178,NA,104,120,75
"674","waste",NA,NA,NA,124,NA,NA,145,109,NA,NA,NA
"675","forms",NA,NA,NA,123,NA,NA,NA,NA,NA,NA,NA
"676","history",NA,NA,NA,123,116,168,132,166,126,146,140
"677","attention",NA,NA,NA,122,NA,NA,NA,NA,NA,NA,NA
"678","creation",NA,NA,NA,122,NA,NA,NA,NA,NA,NA,NA
"679","learning",NA,NA,NA,122,117,281,650,118,141,112,101
"680","mass",NA,NA,NA,122,NA,NA,NA,NA,NA,NA,NA
"681","results",NA,NA,NA,122,NA,132,NA,NA,NA,NA,NA
"682","link",NA,NA,NA,121,105,219,159,152,82,223,NA
"683","und",NA,NA,NA,NA,217,NA,192,243,NA,NA,NA
"684","die",NA,NA,NA,NA,213,NA,125,159,NA,NA,NA
"685","rachelbotsman",NA,NA,NA,NA,163,283,NA,NA,NA,NA,NA
"686","der",NA,NA,NA,NA,141,NA,222,221,NA,NA,NA
"687","seats",NA,NA,NA,NA,133,127,NA,NA,NA,NA,NA
"688","thinking",NA,NA,NA,NA,130,152,155,116,NA,NA,NA
"689","remote",NA,NA,NA,NA,129,NA,NA,NA,NA,NA,NA
"690","chess",NA,NA,NA,NA,127,NA,NA,NA,NA,115,NA
"691","game",NA,NA,NA,NA,121,NA,NA,NA,NA,NA,84
"692","programs",NA,NA,NA,NA,118,NA,NA,NA,NA,83,74
"693","program",NA,NA,NA,NA,114,155,137,219,89,163,108
"694","infographic",NA,NA,NA,NA,113,NA,NA,NA,162,NA,NA
"695","youtube",NA,NA,NA,NA,110,NA,NA,NA,NA,NA,NA
"696","mine",NA,NA,NA,NA,109,378,NA,NA,NA,NA,NA
"697","reading",NA,NA,NA,NA,108,169,NA,NA,130,125,NA
"698","risk",NA,NA,NA,NA,108,NA,149,188,109,112,NA
"699","close",NA,NA,NA,NA,107,NA,NA,NA,NA,NA,NA
"700","plan",NA,NA,NA,NA,107,NA,NA,221,NA,107,NA
"701","leadership",NA,NA,NA,NA,106,211,145,135,212,177,NA
"702","class",NA,NA,NA,NA,104,206,NA,NA,NA,NA,NA
"703","guide",NA,NA,NA,NA,103,111,NA,134,94,102,77
"704","hour",NA,NA,NA,NA,103,NA,NA,NA,NA,NA,NA
"705","leading",NA,NA,NA,NA,102,124,NA,NA,NA,NA,NA
"706","revolution",NA,NA,NA,NA,99,NA,NA,NA,NA,NA,NA
"707","action",NA,NA,NA,NA,97,NA,181,175,139,91,125
"708","play",NA,NA,NA,NA,97,NA,NA,NA,NA,NA,NA
"709","students",NA,NA,NA,NA,97,171,NA,NA,NA,NA,NA
"710","california",NA,NA,NA,NA,96,NA,NA,105,NA,NA,NA
"711","cloud",NA,NA,NA,NA,96,NA,NA,NA,104,NA,NA
"712","strategic",NA,NA,NA,NA,95,NA,NA,NA,122,140,NA
"713","features",NA,NA,NA,NA,94,NA,NA,NA,NA,NA,107
"714","speakers",NA,NA,NA,NA,94,NA,NA,NA,NA,NA,NA
"715","staff",NA,NA,NA,NA,93,NA,NA,NA,NA,105,NA
"716","talks",NA,NA,NA,NA,92,119,NA,NA,NA,NA,NA
"717","00000",NA,NA,NA,NA,NA,539,NA,NA,NA,NA,NA
"718","adobe",NA,NA,NA,NA,NA,449,NA,NA,NA,NA,NA
"719","saved",NA,NA,NA,NA,NA,426,NA,NA,NA,NA,NA
"720","tedtalks",NA,NA,NA,NA,NA,420,NA,NA,NA,NA,NA
"721","0000000",NA,NA,NA,NA,NA,382,NA,NA,NA,NA,NA
"722","dassault",NA,NA,NA,NA,NA,340,NA,NA,NA,NA,NA
"723","indesign",NA,NA,NA,NA,NA,313,NA,NA,NA,NA,NA
"724","systc3a8mes",NA,NA,NA,NA,NA,280,NA,NA,NA,NA,NA
"725","oil",NA,NA,NA,NA,NA,241,NA,NA,NA,300,NA
"726","cmyk",NA,NA,NA,NA,NA,237,NA,NA,NA,NA,NA
"727","h9080",NA,NA,NA,NA,NA,233,NA,NA,NA,NA,NA
"728","a080",NA,NA,NA,NA,NA,221,NA,NA,NA,NA,NA
"729","tourism",NA,NA,NA,NA,NA,214,NA,NA,NA,NA,NA
"730","mesh",NA,NA,NA,NA,NA,213,NA,NA,NA,NA,NA
"731","mining",NA,NA,NA,NA,NA,198,NA,NA,NA,NA,NA
"732","studies",NA,NA,NA,NA,NA,188,332,102,NA,NA,NA
"733","analysis",NA,NA,NA,NA,NA,182,447,NA,197,89,76
"734","whats",NA,NA,NA,NA,NA,180,NA,NA,NA,NA,NA
"735","paper",NA,NA,NA,NA,NA,176,NA,116,NA,92,78
"736","virtual",NA,NA,NA,NA,NA,169,190,NA,134,NA,77
"737","authors",NA,NA,NA,NA,NA,160,NA,NA,NA,NA,NA
"738","china",NA,NA,NA,NA,NA,160,180,NA,87,105,107
"739","costco",NA,NA,NA,NA,NA,152,NA,NA,NA,NA,NA
"740","president",NA,NA,NA,NA,NA,151,NA,NA,84,105,98
"741","plm",NA,NA,NA,NA,NA,144,NA,NA,NA,NA,NA
"742","travels",NA,NA,NA,NA,NA,144,NA,NA,NA,NA,NA
"743","solution",NA,NA,NA,NA,NA,143,NA,NA,NA,NA,NA
"744","whate28099s",NA,NA,NA,NA,NA,142,NA,NA,NA,NA,NA
"745","air",NA,NA,NA,NA,NA,140,NA,NA,NA,NA,83
"746","solidworks",NA,NA,NA,NA,NA,140,NA,NA,NA,NA,NA
"747","100000000",NA,NA,NA,NA,NA,139,NA,NA,NA,NA,NA
"748","career",NA,NA,NA,NA,NA,139,NA,NA,99,NA,NA
"749","executive",NA,NA,NA,NA,NA,139,NA,104,127,196,NA
"750","canada",NA,NA,NA,NA,NA,135,177,NA,NA,NA,NA
"751","communication",NA,NA,NA,NA,NA,135,206,NA,147,NA,98
"752","theory",NA,NA,NA,NA,NA,135,249,NA,173,91,NA
"753","political",NA,NA,NA,NA,NA,130,188,113,119,171,105
"754","trading",NA,NA,NA,NA,NA,128,NA,NA,NA,NA,NA
"755","amazon",NA,NA,NA,NA,NA,124,NA,NA,NA,NA,154
"756","century",NA,NA,NA,NA,NA,124,NA,NA,NA,NA,NA
"757","ie28099m",NA,NA,NA,NA,NA,122,NA,NA,NA,NA,NA
"758","roorogers",NA,NA,NA,NA,NA,122,NA,NA,NA,NA,NA
"759","2006",NA,NA,NA,NA,NA,121,740,314,369,814,136
"760","links",NA,NA,NA,NA,NA,121,NA,149,104,155,NA
"761","shop",NA,NA,NA,NA,NA,121,NA,NA,NA,NA,NA
"762","library",NA,NA,NA,NA,NA,120,NA,NA,NA,219,92
"763","weergaven",NA,NA,NA,NA,NA,120,NA,NA,NA,NA,NA
"764","duur",NA,NA,NA,NA,NA,119,NA,NA,NA,NA,NA
"765","visit",NA,NA,NA,NA,NA,119,NA,NA,NA,NA,NA
"766","version",NA,NA,NA,NA,NA,117,NA,NA,NA,NA,NA
"767","nature",NA,NA,NA,NA,NA,116,NA,106,NA,NA,81
"768","thought",NA,NA,NA,NA,NA,114,NA,NA,NA,NA,NA
"769","computer",NA,NA,NA,NA,NA,113,453,NA,124,NA,197
"770","gas",NA,NA,NA,NA,NA,112,NA,NA,NA,NA,NA
"771","tips",NA,NA,NA,NA,NA,112,NA,104,NA,NA,NA
"772","operations",NA,NA,NA,NA,NA,111,NA,NA,NA,84,NA
"773","illustrator",NA,NA,NA,NA,NA,110,NA,NA,NA,NA,NA
"774","networking",NA,NA,NA,NA,NA,110,NA,NA,NA,NA,NA
"775","engineering",NA,NA,NA,NA,NA,NA,761,NA,NA,NA,NA
"776","eds",NA,NA,NA,NA,NA,NA,727,NA,NA,NA,NA
"777","2005",NA,NA,NA,NA,NA,NA,575,263,265,179,369
"778","proceedings",NA,NA,NA,NA,NA,NA,537,NA,NA,NA,NA
"779","2004",NA,NA,NA,NA,NA,NA,514,209,248,126,229
"780","2003",NA,NA,NA,NA,NA,NA,409,NA,90,88,130
"781","2002",NA,NA,NA,NA,NA,NA,361,NA,NA,NA,80
"782","2001",NA,NA,NA,NA,NA,NA,343,155,119,NA,NA
"783","paul",NA,NA,NA,NA,NA,NA,316,NA,NA,NA,NA
"784","ieee",NA,NA,NA,NA,NA,NA,309,NA,NA,NA,NA
"785","michael",NA,NA,NA,NA,NA,NA,303,163,78,NA,NA
"786","practice",NA,NA,NA,NA,NA,NA,303,NA,85,NA,NA
"787","usa",NA,NA,NA,NA,NA,NA,300,NA,NA,NA,NA
"788","james",NA,NA,NA,NA,NA,NA,292,NA,NA,NA,NA
"789","mathematics",NA,NA,NA,NA,NA,NA,271,NA,NA,NA,NA
"790","peter",NA,NA,NA,NA,NA,NA,269,NA,NA,NA,99
"791","workshop",NA,NA,NA,NA,NA,NA,261,NA,NA,NA,NA
"792","springer",NA,NA,NA,NA,NA,NA,260,NA,NA,NA,NA
"793","materials",NA,NA,NA,NA,NA,NA,256,NA,NA,NA,NA
"794","computing",NA,NA,NA,NA,NA,NA,250,NA,74,NA,NA
"795","applications",NA,NA,NA,NA,NA,NA,244,NA,NA,NA,NA
"796","annual",NA,NA,NA,NA,NA,NA,240,NA,NA,NA,NA
"797","dooley",NA,NA,NA,NA,NA,NA,232,NA,NA,NA,NA
"798","chris",NA,NA,NA,NA,NA,NA,230,NA,NA,NA,NA
"799","simon",NA,NA,NA,NA,NA,NA,230,NA,NA,NA,NA
"800","jones",NA,NA,NA,NA,NA,NA,228,NA,NA,NA,NA
"801","africa",NA,NA,NA,NA,NA,NA,224,NA,NA,NA,NA
"802","english",NA,NA,NA,NA,NA,NA,222,167,136,210,79
"803","martin",NA,NA,NA,NA,NA,NA,221,NA,NA,NA,NA
"804","stephen",NA,NA,NA,NA,NA,NA,220,NA,NA,NA,NA
"805","robin",NA,NA,NA,NA,NA,NA,211,NA,NA,NA,NA
"806","eckert",NA,NA,NA,NA,NA,NA,210,NA,NA,NA,NA
"807","notes",NA,NA,NA,NA,NA,NA,202,NA,NA,NA,NA
"808","statistics",NA,NA,NA,NA,NA,NA,200,NA,NA,NA,NA
"809","oxford",NA,NA,NA,NA,NA,NA,193,NA,126,199,NA
"810","south",NA,NA,NA,NA,NA,NA,190,NA,NA,NA,73
"811","requirements",NA,NA,NA,NA,NA,NA,183,NA,NA,NA,NA
"812","language",NA,NA,NA,NA,NA,NA,181,NA,NA,NA,74
"813","acm",NA,NA,NA,NA,NA,NA,180,NA,NA,NA,NA
"814","symposium",NA,NA,NA,NA,NA,NA,180,NA,NA,NA,NA
"815","interaction",NA,NA,NA,NA,NA,NA,179,NA,NA,NA,NA
"816","que",NA,NA,NA,NA,NA,NA,179,114,NA,NA,NA
"817","teaching",NA,NA,NA,NA,NA,NA,179,NA,NA,NA,NA
"818","towards",NA,NA,NA,NA,NA,NA,175,NA,NA,NA,NA
"819","smith",NA,NA,NA,NA,NA,NA,174,NA,NA,NA,NA
"820","laurence",NA,NA,NA,NA,NA,NA,170,NA,NA,NA,NA
"821","richard",NA,NA,NA,NA,NA,NA,169,NA,NA,NA,NA
"822","song",NA,NA,NA,NA,NA,NA,168,NA,NA,NA,NA
"823","vertaling",NA,NA,NA,NA,NA,NA,168,NA,NA,NA,NA
"824","2000",NA,NA,NA,NA,NA,NA,167,170,151,94,75
"825","communications",NA,NA,NA,NA,NA,NA,167,NA,78,NA,78
"826","kaplinsky",NA,NA,NA,NA,NA,NA,167,NA,NA,NA,NA
"827","governance",NA,NA,NA,NA,NA,NA,166,NA,NA,86,NA
"828","mathematical",NA,NA,NA,NA,NA,NA,166,NA,NA,NA,NA
"829","association",NA,NA,NA,NA,NA,NA,165,131,NA,NA,81
"830","robert",NA,NA,NA,NA,NA,NA,162,127,NA,NA,NA
"831","applied",NA,NA,NA,NA,NA,NA,161,NA,NA,NA,NA
"832","transition",NA,NA,NA,NA,NA,NA,160,NA,NA,NA,NA
"833","weergeven",NA,NA,NA,NA,NA,NA,159,NA,NA,NA,NA
"834","developing",NA,NA,NA,NA,NA,NA,156,NA,NA,91,NA
"835","methods",NA,NA,NA,NA,NA,NA,156,NA,NA,NA,NA
"836","water",NA,NA,NA,NA,NA,NA,156,261,82,92,NA
"837","hall",NA,NA,NA,NA,NA,NA,155,NA,NA,NA,NA
"838","thomas",NA,NA,NA,NA,NA,NA,155,NA,NA,NA,NA
"839","australia",NA,NA,NA,NA,NA,NA,153,NA,NA,NA,NA
"840","evolution",NA,NA,NA,NA,NA,NA,153,NA,NA,NA,NA
"841","institute",NA,NA,NA,NA,NA,NA,151,159,92,101,75
"842","andrew",NA,NA,NA,NA,NA,NA,150,NA,NA,NA,NA
"843","les",NA,NA,NA,NA,NA,NA,150,NA,104,NA,NA
"844","los",NA,NA,NA,NA,NA,NA,150,NA,NA,NA,NA
"845","statistical",NA,NA,NA,NA,NA,NA,150,NA,NA,NA,NA
"846","claudia",NA,NA,NA,NA,NA,NA,149,NA,NA,NA,NA
"847","ison",NA,NA,NA,NA,NA,NA,149,NA,NA,NA,NA
"848","performance",NA,NA,NA,NA,NA,NA,149,111,146,113,NA
"849","raphael",NA,NA,NA,NA,NA,NA,148,NA,NA,NA,NA
"850","las",NA,NA,NA,NA,NA,NA,147,NA,NA,NA,NA
"851","processing",NA,NA,NA,NA,NA,NA,147,NA,NA,NA,NA
"852","intelligence",NA,NA,NA,NA,NA,NA,146,NA,102,NA,73
"853","residual",NA,NA,NA,NA,NA,NA,146,NA,NA,NA,NA
"854","carbon",NA,NA,NA,NA,NA,NA,145,183,110,88,NA
"855","understanding",NA,NA,NA,NA,NA,NA,145,NA,NA,NA,72
"856","computers",NA,NA,NA,NA,NA,NA,144,NA,NA,NA,106
"857","distance",NA,NA,NA,NA,NA,NA,144,NA,NA,NA,NA
"858","dawei",NA,NA,NA,NA,NA,NA,143,NA,NA,NA,NA
"859","jon",NA,NA,NA,NA,NA,NA,142,NA,NA,NA,NA
"860","swapsity",NA,NA,NA,NA,NA,NA,142,NA,NA,NA,NA
"861","image",NA,NA,NA,NA,NA,NA,141,NA,NA,NA,NA
"862","kevin",NA,NA,NA,NA,NA,NA,141,NA,NA,NA,NA
"863","playboy",NA,NA,NA,NA,NA,NA,136,NA,NA,NA,NA
"864","mark",NA,NA,NA,NA,NA,NA,135,NA,NA,91,NA
"865","natural",NA,NA,NA,NA,NA,NA,135,NA,NA,NA,71
"866","low",NA,NA,NA,NA,NA,NA,134,NA,NA,NA,NA
"867","generation",NA,NA,NA,NA,NA,NA,133,NA,NA,NA,NA
"868","physics",NA,NA,NA,NA,NA,NA,133,NA,NA,NA,NA
"869","architecture",NA,NA,NA,NA,NA,NA,132,NA,NA,NA,NA
"870","resource",NA,NA,NA,NA,NA,NA,132,NA,NA,NA,NA
"871","computational",NA,NA,NA,NA,NA,NA,131,NA,NA,NA,NA
"872","engagement",NA,NA,NA,NA,NA,NA,131,NA,NA,NA,NA
"873","johnson",NA,NA,NA,NA,NA,NA,131,NA,NA,NA,NA
"874","des",NA,NA,NA,NA,NA,NA,130,NA,119,NA,NA
"875","sharp",NA,NA,NA,NA,NA,NA,129,NA,NA,NA,NA
"876","special",NA,NA,NA,NA,NA,NA,129,NA,NA,NA,NA
"877","wield",NA,NA,NA,NA,NA,NA,129,NA,NA,NA,NA
"878","berlin",NA,NA,NA,NA,NA,NA,127,NA,NA,NA,NA
"879","lecture",NA,NA,NA,NA,NA,NA,127,NA,NA,NA,NA
"880","transport",NA,NA,NA,NA,NA,NA,126,NA,NA,NA,NA
"881","designing",NA,NA,NA,NA,NA,NA,125,NA,NA,NA,NA
"882","framework",NA,NA,NA,NA,NA,NA,125,NA,NA,NA,NA
"883","paris",NA,NA,NA,NA,NA,NA,125,NA,NA,NA,NA
"884","clarkson",NA,NA,NA,NA,NA,NA,124,NA,NA,NA,NA
"885","germany",NA,NA,NA,NA,NA,NA,122,NA,NA,NA,NA
"886","groups",NA,NA,NA,NA,NA,NA,122,NA,NA,145,87
"887","higher",NA,NA,NA,NA,NA,NA,122,NA,NA,80,NA
"888","greenwich",NA,NA,NA,NA,NA,NA,NA,703,NA,NA,NA
"889","league",NA,NA,NA,NA,NA,NA,NA,341,NA,NA,NA
"890","jan",NA,NA,NA,NA,NA,NA,NA,321,88,92,NA
"891","michigan",NA,NA,NA,NA,NA,NA,NA,300,NA,NA,NA
"892","nov",NA,NA,NA,NA,NA,NA,NA,291,NA,88,NA
"893","feb",NA,NA,NA,NA,NA,NA,NA,268,NA,NA,NA
"894","aug",NA,NA,NA,NA,NA,NA,NA,262,NA,NA,NA
"895","oct",NA,NA,NA,NA,NA,NA,NA,256,NA,NA,NA
"896","sep",NA,NA,NA,NA,NA,NA,NA,255,NA,NA,NA
"897","mar",NA,NA,NA,NA,NA,NA,NA,253,NA,NA,NA
"898","jun",NA,NA,NA,NA,NA,NA,NA,241,NA,NA,NA
"899","apr",NA,NA,NA,NA,NA,NA,NA,239,NA,NA,NA
"900","jul",NA,NA,NA,NA,NA,NA,NA,233,NA,NA,NA
"901","lifestyle",NA,NA,NA,NA,NA,NA,NA,214,NA,NA,NA
"902","fund",NA,NA,NA,NA,NA,NA,NA,180,78,NA,NA
"903","toronto",NA,NA,NA,NA,NA,NA,NA,171,NA,NA,NA
"904","bill",NA,NA,NA,NA,NA,NA,NA,150,104,NA,NA
"905","park",NA,NA,NA,NA,NA,NA,NA,150,NA,NA,NA
"906","detroit",NA,NA,NA,NA,NA,NA,NA,149,NA,NA,NA
"907","kade5qfdbc9ic785r9blc9d5vca8cc5f97bef7fde5d180f1c94a7anae6rmf3eacd3d63u",NA,NA,NA,NA,NA,NA,NA,148,NA,NA,NA
"908","poster",NA,NA,NA,NA,NA,NA,NA,146,NA,NA,NA
"909","bank",NA,NA,NA,NA,NA,NA,NA,141,89,80,99
"910","pension",NA,NA,NA,NA,NA,NA,NA,141,NA,NA,NA
"911","von",NA,NA,NA,NA,NA,NA,NA,140,NA,NA,NA
"912","blogs",NA,NA,NA,NA,NA,NA,NA,137,97,NA,NA
"913","1999",NA,NA,NA,NA,NA,NA,NA,129,109,NA,NA
"914","club",NA,NA,NA,NA,NA,NA,NA,128,NA,NA,NA
"915","1996",NA,NA,NA,NA,NA,NA,NA,126,110,NA,NA
"916","entrepreneurship",NA,NA,NA,NA,NA,NA,NA,126,83,97,NA
"917","entry",NA,NA,NA,NA,NA,NA,NA,122,123,NA,NA
"918","board",NA,NA,NA,NA,NA,NA,NA,121,73,86,NA
"919","8aa2ee7e3e0ebx809282d1e1c491",NA,NA,NA,NA,NA,NA,NA,120,NA,NA,NA
"920","c2a0c2a0",NA,NA,NA,NA,NA,NA,NA,120,82,107,NA
"921","dcidfbdbfedn4aa9g2faaara2ki9fz8ba049cd6mcf9a9ctbc181f4a6mb7fffb7aaa33908fneaod5fc87bccddc97c6rd0dcf7debea2jc7d7xa2b9r0t",NA,NA,NA,NA,NA,NA,NA,120,NA,NA,NA
"922","filed",NA,NA,NA,NA,NA,NA,NA,119,96,NA,NA
"923","1997",NA,NA,NA,NA,NA,NA,NA,118,99,NA,NA
"924","bills",NA,NA,NA,NA,NA,NA,NA,118,NA,NA,NA
"925","interest",NA,NA,NA,NA,NA,NA,NA,118,74,115,72
"926","roundup",NA,NA,NA,NA,NA,NA,NA,118,NA,NA,NA
"927","archives",NA,NA,NA,NA,NA,NA,NA,115,99,NA,NA
"928","family",NA,NA,NA,NA,NA,NA,NA,114,91,113,103
"929","initiative",NA,NA,NA,NA,NA,NA,NA,113,NA,NA,NA
"930","consulting",NA,NA,NA,NA,NA,NA,NA,112,NA,NA,NA
"931","funds",NA,NA,NA,NA,NA,NA,NA,112,NA,NA,NA
"932","weeks",NA,NA,NA,NA,NA,NA,NA,112,NA,NA,NA
"933","clean",NA,NA,NA,NA,NA,NA,NA,111,NA,NA,NA
"934","country",NA,NA,NA,NA,NA,NA,NA,111,NA,90,NA
"935","area",NA,NA,NA,NA,NA,NA,NA,110,NA,NA,NA
"936","changes",NA,NA,NA,NA,NA,NA,NA,110,NA,NA,NA
"937","leagues",NA,NA,NA,NA,NA,NA,NA,108,NA,NA,NA
"938","rest",NA,NA,NA,NA,NA,NA,NA,108,90,NA,NA
"939","campaign",NA,NA,NA,NA,NA,NA,NA,107,NA,NA,NA
"940","cultural",NA,NA,NA,NA,NA,NA,NA,107,177,NA,NA
"941","dog",NA,NA,NA,NA,NA,NA,NA,107,NA,NA,NA
"942","feed",NA,NA,NA,NA,NA,NA,NA,107,76,NA,176
"943","placemaking",NA,NA,NA,NA,NA,NA,NA,107,NA,NA,NA
"944","wikipedia",NA,NA,NA,NA,NA,NA,NA,107,NA,NA,NA
"945","act",NA,NA,NA,NA,NA,NA,NA,106,84,NA,79
"946","director",NA,NA,NA,NA,NA,NA,NA,106,78,80,NA
"947","israel",NA,NA,NA,NA,NA,NA,NA,106,79,NA,108
"948","leaders",NA,NA,NA,NA,NA,NA,NA,105,81,NA,NA
"949","solar",NA,NA,NA,NA,NA,NA,NA,105,NA,NA,NA
"950","federal",NA,NA,NA,NA,NA,NA,NA,102,NA,NA,71
"951","housing",NA,NA,NA,NA,NA,NA,NA,102,NA,NA,NA
"952","manager",NA,NA,NA,NA,NA,NA,NA,102,76,NA,NA
"953","places",NA,NA,NA,NA,NA,NA,NA,102,NA,NA,NA
"954","strategies",NA,NA,NA,NA,NA,NA,NA,102,77,NA,NA
"955","council",NA,NA,NA,NA,NA,NA,NA,101,79,105,76
"956","pdf",NA,NA,NA,NA,NA,NA,NA,NA,221,NA,NA
"957","lavoro",NA,NA,NA,NA,NA,NA,NA,NA,157,NA,119
"958","walmart",NA,NA,NA,NA,NA,NA,NA,NA,148,NA,NA
"959","valley",NA,NA,NA,NA,NA,NA,NA,NA,126,NA,NA
"960","angel",NA,NA,NA,NA,NA,NA,NA,NA,120,NA,NA
"961","collective",NA,NA,NA,NA,NA,NA,NA,NA,114,NA,NA
"962","overview",NA,NA,NA,NA,NA,NA,NA,NA,114,101,NA
"963","silicon",NA,NA,NA,NA,NA,NA,NA,NA,114,NA,NA
"964","thursday",NA,NA,NA,NA,NA,NA,NA,NA,105,NA,NA
"965","equity",NA,NA,NA,NA,NA,NA,NA,NA,95,NA,NA
"966","centre",NA,NA,NA,NA,NA,NA,NA,NA,93,134,NA
"967","japanese",NA,NA,NA,NA,NA,NA,NA,NA,92,NA,NA
"968","rick",NA,NA,NA,NA,NA,NA,NA,NA,91,NA,NA
"969","children",NA,NA,NA,NA,NA,NA,NA,NA,89,NA,NA
"970","nick",NA,NA,NA,NA,NA,NA,NA,NA,89,NA,NA
"971","programmeoxford",NA,NA,NA,NA,NA,NA,NA,NA,88,154,NA
"972","rate",NA,NA,NA,NA,NA,NA,NA,NA,88,115,95
"973","interview",NA,NA,NA,NA,NA,NA,NA,NA,85,NA,NA
"974","programme",NA,NA,NA,NA,NA,NA,NA,NA,85,113,NA
"975","blogging",NA,NA,NA,NA,NA,NA,NA,NA,84,NA,NA
"976","investor",NA,NA,NA,NA,NA,NA,NA,NA,83,NA,NA
"977","organizational",NA,NA,NA,NA,NA,NA,NA,NA,83,NA,NA
"978","rating",NA,NA,NA,NA,NA,NA,NA,NA,83,NA,113
"979","field",NA,NA,NA,NA,NA,NA,NA,NA,82,NA,NA
"980","holmes",NA,NA,NA,NA,NA,NA,NA,NA,82,NA,NA
"981","views",NA,NA,NA,NA,NA,NA,NA,NA,81,104,NA
"982","xing",NA,NA,NA,NA,NA,NA,NA,NA,81,NA,NA
"983","professional",NA,NA,NA,NA,NA,NA,NA,NA,80,109,NA
"984","five",NA,NA,NA,NA,NA,NA,NA,NA,79,NA,NA
"985","tags",NA,NA,NA,NA,NA,NA,NA,NA,79,NA,NA
"986","former",NA,NA,NA,NA,NA,NA,NA,NA,78,NA,NA
"987","speaker",NA,NA,NA,NA,NA,NA,NA,NA,76,NA,NA
"988","cognitive",NA,NA,NA,NA,NA,NA,NA,NA,75,NA,NA
"989","decision",NA,NA,NA,NA,NA,NA,NA,NA,75,NA,NA
"990","women",NA,NA,NA,NA,NA,NA,NA,NA,75,NA,121
"991","1998",NA,NA,NA,NA,NA,NA,NA,NA,74,NA,NA
"992","fuel",NA,NA,NA,NA,NA,NA,NA,NA,NA,288,NA
"993","profile",NA,NA,NA,NA,NA,NA,NA,NA,NA,161,NA
"994","profit",NA,NA,NA,NA,NA,NA,NA,NA,NA,154,NA
"995","venice",NA,NA,NA,NA,NA,NA,NA,NA,NA,145,NA
"996","stock",NA,NA,NA,NA,NA,NA,NA,NA,NA,132,99
"997","interests",NA,NA,NA,NA,NA,NA,NA,NA,NA,125,NA
"998","dot",NA,NA,NA,NA,NA,NA,NA,NA,NA,124,NA
"999","commenter",NA,NA,NA,NA,NA,NA,NA,NA,NA,122,NA
"1000","unregistered",NA,NA,NA,NA,NA,NA,NA,NA,NA,122,NA
"1001","swedish",NA,NA,NA,NA,NA,NA,NA,NA,NA,118,NA
"1002","c2a01",NA,NA,NA,NA,NA,NA,NA,NA,NA,114,NA
"1003","500",NA,NA,NA,NA,NA,NA,NA,NA,NA,111,NA
"1004","total",NA,NA,NA,NA,NA,NA,NA,NA,NA,110,NA
"1005","activity",NA,NA,NA,NA,NA,NA,NA,NA,NA,109,NA
"1006","etc",NA,NA,NA,NA,NA,NA,NA,NA,NA,108,NA
"1007","score",NA,NA,NA,NA,NA,NA,NA,NA,NA,107,NA
"1008","influence",NA,NA,NA,NA,NA,NA,NA,NA,NA,106,NA
"1009","white",NA,NA,NA,NA,NA,NA,NA,NA,NA,105,NA
"1010","wisdom",NA,NA,NA,NA,NA,NA,NA,NA,NA,105,NA
"1011","message",NA,NA,NA,NA,NA,NA,NA,NA,NA,103,NA
"1012","angellist",NA,NA,NA,NA,NA,NA,NA,NA,NA,93,NA
"1013","entrepreneur",NA,NA,NA,NA,NA,NA,NA,NA,NA,88,NA
"1014","industrial",NA,NA,NA,NA,NA,NA,NA,NA,NA,88,72
"1015","vocabulary",NA,NA,NA,NA,NA,NA,NA,NA,NA,88,NA
"1016","increase",NA,NA,NA,NA,NA,NA,NA,NA,NA,86,NA
"1017","deal",NA,NA,NA,NA,NA,NA,NA,NA,NA,85,NA
"1018","twosided",NA,NA,NA,NA,NA,NA,NA,NA,NA,85,NA
"1019","commercial",NA,NA,NA,NA,NA,NA,NA,NA,NA,84,105
"1020","meeting",NA,NA,NA,NA,NA,NA,NA,NA,NA,84,NA
"1021","several",NA,NA,NA,NA,NA,NA,NA,NA,NA,84,NA
"1022","choice",NA,NA,NA,NA,NA,NA,NA,NA,NA,83,NA
"1023","competition",NA,NA,NA,NA,NA,NA,NA,NA,NA,83,NA
"1024","democracy",NA,NA,NA,NA,NA,NA,NA,NA,NA,83,NA
"1025","values",NA,NA,NA,NA,NA,NA,NA,NA,NA,83,NA
"1026","seattle",NA,NA,NA,NA,NA,NA,NA,NA,NA,81,NA
"1027","student",NA,NA,NA,NA,NA,NA,NA,NA,NA,81,NA
"1028","war",NA,NA,NA,NA,NA,NA,NA,NA,NA,81,NA
"1029","idioms",NA,NA,NA,NA,NA,NA,NA,NA,NA,80,NA
"1030","accessories",NA,NA,NA,NA,NA,NA,NA,NA,NA,NA,273
"1031","apple",NA,NA,NA,NA,NA,NA,NA,NA,NA,NA,221
"1032","electronics",NA,NA,NA,NA,NA,NA,NA,NA,NA,NA,217
"1033","opensource",NA,NA,NA,NA,NA,NA,NA,NA,NA,NA,160
"1034","wireless",NA,NA,NA,NA,NA,NA,NA,NA,NA,NA,156
"1035","games",NA,NA,NA,NA,NA,NA,NA,NA,NA,NA,152
"1036","fire",NA,NA,NA,NA,NA,NA,NA,NA,NA,NA,150
"1037","phone",NA,NA,NA,NA,NA,NA,NA,NA,NA,NA,134
"1038","audio",NA,NA,NA,NA,NA,NA,NA,NA,NA,NA,128
"1039","lump",NA,NA,NA,NA,NA,NA,NA,NA,NA,NA,125
"1040","slide",NA,NA,NA,NA,NA,NA,NA,NA,NA,NA,121
"1041","cables",NA,NA,NA,NA,NA,NA,NA,NA,NA,NA,115
"1042","radio",NA,NA,NA,NA,NA,NA,NA,NA,NA,NA,114
"1043","distribution",NA,NA,NA,NA,NA,NA,NA,NA,NA,NA,111
"1044","retrieved",NA,NA,NA,NA,NA,NA,NA,NA,NA,NA,103
"1045","nexus",NA,NA,NA,NA,NA,NA,NA,NA,NA,NA,100
"1046","devices",NA,NA,NA,NA,NA,NA,NA,NA,NA,NA,99
"1047","microsoft",NA,NA,NA,NA,NA,NA,NA,NA,NA,NA,98
"1048","phones",NA,NA,NA,NA,NA,NA,NA,NA,NA,NA,98
"1049","samsung",NA,NA,NA,NA,NA,NA,NA,NA,NA,NA,95
"1050","camera",NA,NA,NA,NA,NA,NA,NA,NA,NA,NA,93
"1051","android",NA,NA,NA,NA,NA,NA,NA,NA,NA,NA,92
"1052","cards",NA,NA,NA,NA,NA,NA,NA,NA,NA,NA,91
"1053","hard",NA,NA,NA,NA,NA,NA,NA,NA,NA,NA,91
"1054","entries",NA,NA,NA,NA,NA,NA,NA,NA,NA,NA,88
"1055","infrastructure",NA,NA,NA,NA,NA,NA,NA,NA,NA,NA,86
"1056","chargers",NA,NA,NA,NA,NA,NA,NA,NA,NA,NA,85
"1057","galaxy",NA,NA,NA,NA,NA,NA,NA,NA,NA,NA,85
"1058","kindle",NA,NA,NA,NA,NA,NA,NA,NA,NA,NA,85
"1059","playstation",NA,NA,NA,NA,NA,NA,NA,NA,NA,NA,84
"1060","usage",NA,NA,NA,NA,NA,NA,NA,NA,NA,NA,84
"1061","reality",NA,NA,NA,NA,NA,NA,NA,NA,NA,NA,83
"1062","abstract",NA,NA,NA,NA,NA,NA,NA,NA,NA,NA,81
"1063","pro",NA,NA,NA,NA,NA,NA,NA,NA,NA,NA,81
"1064","agreement",NA,NA,NA,NA,NA,NA,NA,NA,NA,NA,80
"1065","sports",NA,NA,NA,NA,NA,NA,NA,NA,NA,NA,80
"1066","windows",NA,NA,NA,NA,NA,NA,NA,NA,NA,NA,80
"1067","release",NA,NA,NA,NA,NA,NA,NA,NA,NA,NA,79
"1068","connected",NA,NA,NA,NA,NA,NA,NA,NA,NA,NA,78
"1069","true",NA,NA,NA,NA,NA,NA,NA,NA,NA,NA,78
"1070","vacation",NA,NA,NA,NA,NA,NA,NA,NA,NA,NA,78
"1071","cell",NA,NA,NA,NA,NA,NA,NA,NA,NA,NA,77
"1072","een",NA,NA,NA,NA,NA,NA,NA,NA,NA,NA,77
"1073","electronic",NA,NA,NA,NA,NA,NA,NA,NA,NA,NA,77
"1074","gift",NA,NA,NA,NA,NA,NA,NA,NA,NA,NA,77
"1075","plus",NA,NA,NA,NA,NA,NA,NA,NA,NA,NA,77
"1076","tablet",NA,NA,NA,NA,NA,NA,NA,NA,NA,NA,77
"1077","100",NA,NA,NA,NA,NA,NA,NA,NA,NA,NA,76
"1078","c2a0c2a0and",NA,NA,NA,NA,NA,NA,NA,NA,NA,NA,76
"1079","given",NA,NA,NA,NA,NA,NA,NA,NA,NA,NA,76
"1080","random",NA,NA,NA,NA,NA,NA,NA,NA,NA,NA,76
"1081","film",NA,NA,NA,NA,NA,NA,NA,NA,NA,NA,75
"1082","problems",NA,NA,NA,NA,NA,NA,NA,NA,NA,NA,75
"1083","land",NA,NA,NA,NA,NA,NA,NA,NA,NA,NA,74
"1084","publishing",NA,NA,NA,NA,NA,NA,NA,NA,NA,NA,74
"1085","single",NA,NA,NA,NA,NA,NA,NA,NA,NA,NA,74
"1086","force",NA,NA,NA,NA,NA,NA,NA,NA,NA,NA,73
"1087","band",NA,NA,NA,NA,NA,NA,NA,NA,NA,NA,72
"1088","bio",NA,NA,NA,NA,NA,NA,NA,NA,NA,NA,72
"1089","labs",NA,NA,NA,NA,NA,NA,NA,NA,NA,NA,72
"1090","motivate",NA,NA,NA,NA,NA,NA,NA,NA,NA,NA,72
"1091","photos",NA,NA,NA,NA,NA,NA,NA,NA,NA,NA,72
"1092","surface",NA,NA,NA,NA,NA,NA,NA,NA,NA,NA,72
"1093","device",NA,NA,NA,NA,NA,NA,NA,NA,NA,NA,71
"1094","gadgets",NA,NA,NA,NA,NA,NA,NA,NA,NA,NA,71
"1095","iphone",NA,NA,NA,NA,NA,NA,NA,NA,NA,NA,71
